-- MySQL dump 10.13  Distrib 8.0.15, for Win64 (x86_64)
--
-- Host: localhost    Database: project
-- ------------------------------------------------------
-- Server version	8.0.15

/*!40101 SET @OLD_CHARACTER_SET_CLIENT=@@CHARACTER_SET_CLIENT */;
/*!40101 SET @OLD_CHARACTER_SET_RESULTS=@@CHARACTER_SET_RESULTS */;
/*!40101 SET @OLD_COLLATION_CONNECTION=@@COLLATION_CONNECTION */;
 SET NAMES utf8 ;
/*!40103 SET @OLD_TIME_ZONE=@@TIME_ZONE */;
/*!40103 SET TIME_ZONE='+00:00' */;
/*!40014 SET @OLD_UNIQUE_CHECKS=@@UNIQUE_CHECKS, UNIQUE_CHECKS=0 */;
/*!40014 SET @OLD_FOREIGN_KEY_CHECKS=@@FOREIGN_KEY_CHECKS, FOREIGN_KEY_CHECKS=0 */;
/*!40101 SET @OLD_SQL_MODE=@@SQL_MODE, SQL_MODE='NO_AUTO_VALUE_ON_ZERO' */;
/*!40111 SET @OLD_SQL_NOTES=@@SQL_NOTES, SQL_NOTES=0 */;

--
-- Table structure for table `allergy`
--

DROP TABLE IF EXISTS `allergy`;
/*!40101 SET @saved_cs_client     = @@character_set_client */;
 SET character_set_client = utf8mb4 ;
CREATE TABLE `allergy` (
  `id` varchar(50) DEFAULT NULL,
  `allergy` varchar(15) DEFAULT NULL,
  KEY `id` (`id`),
  CONSTRAINT `allergy_ibfk_1` FOREIGN KEY (`id`) REFERENCES `user` (`id`)
) ENGINE=InnoDB DEFAULT CHARSET=utf8mb4 COLLATE=utf8mb4_0900_ai_ci;
/*!40101 SET character_set_client = @saved_cs_client */;

--
-- Dumping data for table `allergy`
--

LOCK TABLES `allergy` WRITE;
/*!40000 ALTER TABLE `allergy` DISABLE KEYS */;
INSERT INTO `allergy` VALUES ('ssafy1','대두'),('ssafy1','우유'),('ssafy1','새우'),('abc','대두'),('abc','땅콩'),('abc','참치'),('abc','소고기'),('abc','닭고기'),('ssafy','새우'),('ssafy','소고기'),('ssafy','복숭아');
/*!40000 ALTER TABLE `allergy` ENABLE KEYS */;
UNLOCK TABLES;

--
-- Table structure for table `eatfood`
--

DROP TABLE IF EXISTS `eatfood`;
/*!40101 SET @saved_cs_client     = @@character_set_client */;
 SET character_set_client = utf8mb4 ;
CREATE TABLE `eatfood` (
  `id` varchar(50) NOT NULL,
  `code` int(5) NOT NULL,
  `date` datetime DEFAULT CURRENT_TIMESTAMP,
  `eatcode` int(5) NOT NULL AUTO_INCREMENT,
  PRIMARY KEY (`eatcode`),
  KEY `id` (`id`),
  KEY `code` (`code`),
  CONSTRAINT `eatfood_ibfk_1` FOREIGN KEY (`id`) REFERENCES `user` (`id`),
  CONSTRAINT `eatfood_ibfk_2` FOREIGN KEY (`id`) REFERENCES `user` (`id`),
  CONSTRAINT `eatfood_ibfk_3` FOREIGN KEY (`code`) REFERENCES `food` (`code`)
) ENGINE=InnoDB AUTO_INCREMENT=28 DEFAULT CHARSET=utf8mb4 COLLATE=utf8mb4_0900_ai_ci;
/*!40101 SET character_set_client = @saved_cs_client */;

--
-- Dumping data for table `eatfood`
--

LOCK TABLES `eatfood` WRITE;
/*!40000 ALTER TABLE `eatfood` DISABLE KEYS */;
INSERT INTO `eatfood` VALUES ('ssafy1',1,'2019-04-19 13:19:19',7),('ssafy1',3,'2019-04-19 13:53:36',12),('ssafy1',1,'2019-04-19 13:54:25',13),('ssafy1',5,'2019-04-19 13:55:31',14),('abc',7,'2019-04-19 14:03:01',19),('abc',2,'2019-04-19 14:19:31',20),('abc',1,'2019-04-19 15:25:13',21),('ssafy',1,'2019-04-19 15:25:31',23),('ssafy',5,'2019-04-19 15:25:33',24),('abc',1,'2019-04-19 15:25:34',25),('ssafy',8,'2019-04-19 15:25:36',26),('abc',2,'2019-04-19 15:57:51',27);
/*!40000 ALTER TABLE `eatfood` ENABLE KEYS */;
UNLOCK TABLES;

--
-- Table structure for table `food`
--

DROP TABLE IF EXISTS `food`;
/*!40101 SET @saved_cs_client     = @@character_set_client */;
 SET character_set_client = utf8mb4 ;
CREATE TABLE `food` (
  `code` int(5) NOT NULL,
  `name` varchar(30) NOT NULL,
  `maker` varchar(30) NOT NULL,
  `material` varchar(1000) NOT NULL,
  `image` varchar(500) NOT NULL,
  `supportpereat` decimal(10,0) DEFAULT NULL,
  `calory` decimal(10,0) DEFAULT NULL,
  `carbo` decimal(10,0) DEFAULT NULL,
  `protein` decimal(10,0) DEFAULT NULL,
  `fat` decimal(10,0) DEFAULT NULL,
  `sugar` decimal(10,0) DEFAULT NULL,
  `natrium` decimal(10,0) DEFAULT NULL,
  `chole` decimal(10,0) DEFAULT NULL,
  `fattyacid` decimal(10,0) DEFAULT NULL,
  `transfat` decimal(10,0) DEFAULT NULL,
  PRIMARY KEY (`code`)
) ENGINE=InnoDB DEFAULT CHARSET=utf8mb4 COLLATE=utf8mb4_0900_ai_ci;
/*!40101 SET character_set_client = @saved_cs_client */;

--
-- Dumping data for table `food`
--

LOCK TABLES `food` WRITE;
/*!40000 ALTER TABLE `food` DISABLE KEYS */;
INSERT INTO `food` VALUES (1,'신라면큰사발','농심','육수맛조미베이스,소맥분(호주산,미국산),버섯풍미분말,감자전분(독일산),정백당,팜유(말레이시아산),변성전분,복합조미간장분말,난각칼슘,매운탕분말,정제염,정제염,비프조미페이스트,사골된장분말,비프조미분,이스트조미액,포도당,면류첨가알칼리제 ( 산도조절제 ),생고추조미분말,혼합제제 ( 산도조절제 ),칠리맛조미분,올리고녹차풍미액,양념구이조미분,비타민B₂,볶음양념분,수육조미분,호화감자전분,조미양념분,마늘추출물분말,후추가루,분말된장,5-리보뉴클레오티드이나트륨,양파풍미분,사골추출물분말,육수조미분말,양파조미베이스,호박산이나트륨,장국양념분말,다시마정미추출분말,매운맛조미분,고춧가루,분말카라멜 ( 카라멜색소 , 물엿분말 ),생강추출물분말,건표고버섯,건파,건청경채,조미건조홍고추','/static/img/신라면큰사발.jpg',80,347,55,6,12,3,1088,0,6,0),(2,'진라면컵매운맛','오뚜기','참맛매운육수분말,소맥분(미국산,호주산),변성전분,포도당,발효복합분,팜유(말레이시아산),진한감칠맛분,글루텐,숙성마늘맛분,정제소금,마늘양념분말,유화유지,난각분말,볶음마늘분,치킨추출농축액,백설탕,마늘시즈닝,간장분말,야채추출물,식용유지가공품,면류첨가알칼리제 ( 산도조절제 ),정제소금,비타민 B₂,효모조미분,칠리맛분말,녹차풍미유,전분,쇠고기간장분말,쇠고기향미분말,후추분말,고춧가루,구아검,조미아미노산분말,향미증진제,칠리추출물,고추농축소스,산도조절제,건파,조미쇠고기맛후레이크,건당근,건표고버섯,건조채심,건고추입자,[ 소맥분 ( 밀 ), 탈지대두 ( 대두 ), 유당 ( 우유 ), 난각분말 ( 계란 ), 땅콩단백 ( 땅콩 ), 돈골 ( 돼지고기 )','/static/img/진라면컵매운맛.jpg',80,275,42,6,9,3,1139,0,3,0),(3,'큰컵삼양라면','삼양식품','볶음면조미분말,소맥분(미국산,호주산),부대찌개베이스,전분(태국산),팜유,설탕,정제염,정제염,맛베이스에스,미감에스유,식물성간장분말,면류첨가알칼리제 ( 산도조절제 ),감자전분,양파엑기스,양념간장분,구아검,지미맛분말,비타민B₂,구연산,햄풍미분말,육수맛분말,녹차풍미유,김치조미분말,돈육풍미분말,볶음양념분말,혼합양념분말,진사골추출물분말,전지분유,팜유,부대찌개분말,쇠고기양념분말,저염풍미분에스,후추분,향미증진제,매운조미고추맛분,김치찌개풍미분말,베이컨향분말,햄베이스시즈닝,파프리카추출색소,마늘맛오일,조미콩단백,실당근,건청파,청경채,고단백건조유부,{ 소맥분 ( 밀 ), 탈지대두 ( 대두 ), 돼지고기 , 전지분유 ( 우유 ), 계란 , 땅콩','/static/img/큰컵삼양라면.jpg',80,273,43,5,9,2,941,0,4,0),(4,'새우탕큰사발','농심','소맥분(호주산,미국산),감자전분(독일산),팜유,변성전분,식물성풍미유,난각칼슘,정제염,야채조미추출물,면류첨가알칼리제 ( 산도조절제 ),혼합제제 ( 산도조절제 ),올리고녹차풍미액,비타민B₂,새우베이스분말,정제염,정백당,육수베이스분말,매운맛분말,조미양념분,매운탕조미분말,호화옥수수분,육수맛조미베이스,오징어조미분말,오징어풍미분말,양념구이조미분,5-리보뉴클레오티드이나트륨,분말고추장,이스트풍미분,호박산이나트륨,복합조미간장분말,분말카라멜 ( 카라멜색소 , 물엿분말 ),다시마정미추출분말,혼합해물베이스분말,멸치조미분,향신조미분,후추가루,다시마표고조미분,수화검 ( 구아검 , 산탄검 ),후추추출물분말,어포,새우맛볼,건미역,건당근,건새우,새우 ( 중국산 58.1% , 캐나다산 41.0% , 국내산 0.9% )','/static/img/새우탕큰사발.jpg',80,372,48,8,16,NULL,1876,NULL,NULL,NULL),(5,'육개장큰사발면','농심','육개장조미료,소맥분(호주산,미국산),팜유(말레이시아산),정제염,양념간장베이스,감자전분,변성전분,조미아미노산간장분말,정백당,식물성풍미유,물엿분말,난각칼슘,양념풍미분,정제염,볶음양념분,면류첨가알칼리제 ( 산도조절제 ),육수조미분말,비프양념분말,혼합제제 ( 산도조절제 ),간장조미액,마늘추출물분말,복합양념분말,구아검,올리고녹차풍미액,팜유조미분말,이스트풍미분,비타민B₂,후추가루,매운맛조미분,5-리보뉴클레오티드이나트륨,분말고추장,양파풍미분,수육조미분,호박산이나트륨,칠리풍미분말,복합조미간장분말,건파,계란스크램블,건조맛살어묵,소용돌이맛살','/static/img/육개장큰사발면.jpg',80,273,42,5,9,2,937,0,5,0),(6,'메로나','빙그레','정제수,백설탕,데어리스프레드 (외국산:뉴질랜드,독일,호주),프락토올리고당,물엿,혼합탈지분유 ( 외국산 :네덜란드,아일랜드,독일),말티톨시럽,메론시럽 0.15% ( 메론 70% : 국산 ),정제염,로커스트콩검,셀룰로오스검,혼합제제 ( 구아검 , 로커스트콩검 , 카라기난 , 셀룰로오스검 , 유화제 ),치자청색소,심황색소,합성착향료 ( 메론향 )','/static/img/메로나.jpg',100,156,25,1,6,20,69,19,5,1),(7,'누크바','롯데제과','정제수,기타코코아가공품[야자유(수입산),백설탕,채종유(호주산),땅콩버터,혼합분유,코코아매스],백설탕,혼합분유(수입산;탈지분유,유청분말),기타올리고당 ( 물엿 , 이소말토올리고당 , 액상과당 ),땅콩(중국산),가공버터 ( 유크림 , 야자유 ),아이스혼합유 ( 야자유 80% , 팜유 20% ),혼합제제Ⅰ ( 구아검 , 로커스트콩검 , 카라기난 , 타마린드검 ),천연착향료 ( 바닐라향 ),유화제,합성착향료 ( 바닐라향 ),혼합제제Ⅱ ( 치자황색소 , 덱스트린 , 비트레드 )','/static/img/N45누크바.jpg',100,274,25,3,18,17,65,NULL,NULL,NULL),(8,'비비빅','빙그레','정제수,당통팥22%(중국산: 백설탕 , 팥 ),백설탕,물엿,팥분말(중국산),혼합탈지분유,데어리스프레드,액상과당,찰옥수수알파전분,유청분말,정제염,구아검,락색소,카라멜색소,합성착향료 ( 팥향 ),치자청색소','/static/img/비비빅.jpg',100,187,40,3,2,21,107,7,1,0),(9,'수박바','롯데제과','정제수,백설탕,프락토올리고당,초코땅콩 ( 땅콩 ),폴리덱스트로스,말티톨시럽,아이스혼합유,유화제,혼합제제 ( 구아검 ( 대두 ), 카라기난 , 산도조절제 , 로커스트콩검 , 타마린드검 ),수박농축액 0.1% ( 고형분 65% ),합성착향료 ( 딸기향 , 멜론향 ),정제소금,혼합제제II ( 비트레드 , 덱스트린 , 치자황색소 ),비타민C,구연산,혼합제제III ( 치자청색소 , 치자황색소 , 덱스트린 )','/static/img/수박바.jpg',100,111,25,0,2,19,26,0,1,0),(10,'죠스바','롯데제과','정제수,프락토올리고당,백설탕,기타올리고당 ( 물엿 , 이소말토올리고당 , 액상과당 ),딸기쨈3%(딸기;국산),구연산,오렌지농축액0.14%(고형분65%),합성착향료 ( 딸기향 , 오렌지향 ),혼합제제Ⅰ ( 카라기난 , 구아검 ( 대두 ), 산도조절제 , 로커스트콩검 , 타마린드검 ),혼합제제Ⅱ ( 구아검 , 카라기난 , 산도조절제 , 로커스트콩검 , 타마린드검 ),혼합제제Ⅲ ( 유화제 , 탄산칼슘 , 규소수지 ),비타민C,혼합제제Ⅳ ( 덱스트린 , 치자청색소 , 홍국적색소 , 치자황색소 ),혼합제제Ⅴ ( 비트레드 , 덱스트린 , 치자황색소 )','/static/img/죠스바.jpg',100,113,28,0,0,20,1,0,0,0),(11,'서울우유바나나','서울우유','원유 60.12%(국산),정제수,액상과당,정백당,유크림 2.93%(국산),탈지분유 2.143%,바나나농축과즙(바나나과즙 1%,이스라엘산),올리고당,합성착향료 ( 바나나향 )','/static/img/서울우유바나나.jpg',80,347,55,6,12,3,1088,0,6,0),(12,'맛있는우유GT','남양유업','1A등급 원유 ( 국산 ) 100% ( 세균수기준 )','/static/img/맛있는우유GT.jpg',200,280,20,12,16,18,200,60,10,0),(13,'칠성사이다','롯데칠성음료','정제수,액상과당,백설탕,탄산가스,구연산,레몬라임향','/static/img/칠성사이다.jpg',200,168,42,0,0,34,11,0,0,0),(14,'비타500칼슘','광동제약','정제수,액상과당,농축사과과즙 ( 당도 72Brix이상 , 뉴질랜드산 ),비타민C 0.5% ( 900% ),퓨라칼 (칼슘12%이상)0.05%,합성착향료 ( 드링크향 ),구연산,케이디비타 2800,구연산삼나트륨,펙틴,타우린,DL-사과산,오렌지추출물','/static/img/비타500칼슘.jpg',200,173,43,0,0,44,144,0,0,0),(15,'비타파워','롯데제과','정제수,액상과당,비타민C,구연산,합성착향료 ( 드링크향 , 혼합과일향 ),구연산삼나트륨,효소처리스테비아,타우린,수크랄로스 ( 합성감미료 ),비타민B2인산에스테르나트륨','/static/img/비타파워.jpg',200,100,24,0,0,13,60,0,0,0),(16,'칸타타아메리카노','롯데제과','칸타타원두커피추출액30%(에티오피아50%,콜롬비아30%,브라질20%),정제수,백설탕,합성착향료 ( 커피향 ),탄산수소나트륨,L-아스코르빈산나트륨','/static/img/칸타타아메리카노.jpg',200,80,18,0,0,14,126,0,0,0),(17,'칸타타프리미엄라떼','롯데제과','칸타타원두커피추출액42%(에티오피아50%,콜롬비아30%,브라질20%),정제수,우유15%(국내산),백설탕,혼합분유 ( 탈지분유 , 유청분말 ),탄산수소나트륨,합성착향료 ( 커피향 , 우유향 ),유화제,L-아스코르빈산나트륨','/static/img/칸타타프리미엄라떼.jpg',200,183,37,5,2,37,229,11,1,0),(18,'맥심티오피스위트아메리카노','동서식품','맥심 에스프레소 커피추출액 ( 고형분 5.0%이상 ,커피원두:콜롬비아산60%,브라질산21%)12.6%,정제수,백설탕,탄산칼륨,합성착향료 ( 커피향 ),비타민C,자당지방산에스테르','/static/img/맥심티오피스위트아메리카노.jpg',200,70,18,0,0,16,52,0,0,0),(20,'아카페라아메리카노','빙그레','정제수,콜드브루커피추출액7%(고형분3%이상/커피원두:에티오피아40%,콜롬비아30%,브라질30%),백설탕,에스프레소커피추출액 1.54% ( 고형분 34%이상 /커피원두:브라질),탄산수소나트륨,아스코르빈산나트륨,천연커피향','/static/img/아카페라아메리카노.jpg',200,58,13,1,0,12,92,0,0,0);
/*!40000 ALTER TABLE `food` ENABLE KEYS */;
UNLOCK TABLES;

--
-- Table structure for table `user`
--

DROP TABLE IF EXISTS `user`;
/*!40101 SET @saved_cs_client     = @@character_set_client */;
 SET character_set_client = utf8mb4 ;
CREATE TABLE `user` (
  `id` varchar(50) NOT NULL,
  `pw` varchar(50) NOT NULL,
  `name` varchar(50) NOT NULL,
  `addr` varchar(100) NOT NULL,
  `tel` varchar(100) NOT NULL,
  PRIMARY KEY (`id`)
) ENGINE=InnoDB DEFAULT CHARSET=utf8mb4 COLLATE=utf8mb4_0900_ai_ci;
/*!40101 SET character_set_client = @saved_cs_client */;

--
-- Dumping data for table `user`
--

LOCK TABLES `user` WRITE;
/*!40000 ALTER TABLE `user` DISABLE KEYS */;
INSERT INTO `user` VALUES ('abc','1111','user','testtttt','1236'),('ssafy','11111','1111','1111','1111'),('ssafy1','1111','김동주','ssafy','010');
/*!40000 ALTER TABLE `user` ENABLE KEYS */;
UNLOCK TABLES;
/*!40103 SET TIME_ZONE=@OLD_TIME_ZONE */;

/*!40101 SET SQL_MODE=@OLD_SQL_MODE */;
/*!40014 SET FOREIGN_KEY_CHECKS=@OLD_FOREIGN_KEY_CHECKS */;
/*!40014 SET UNIQUE_CHECKS=@OLD_UNIQUE_CHECKS */;
/*!40101 SET CHARACTER_SET_CLIENT=@OLD_CHARACTER_SET_CLIENT */;
/*!40101 SET CHARACTER_SET_RESULTS=@OLD_CHARACTER_SET_RESULTS */;
/*!40101 SET COLLATION_CONNECTION=@OLD_COLLATION_CONNECTION */;
/*!40111 SET SQL_NOTES=@OLD_SQL_NOTES */;

-- Dump completed on 2019-04-29 18:03:36
